{"C:\\xampp\\htdocs\\hav":{"<index.php>":{"index.php":[]}},"C:\\xampp\\htdocs\\hav\\db":{"<db.php>":{"Conectar":{"conexion":["STATIC",4]}},"<f_db.php>":{"Conectar":{"conexion":["STATIC",4]}},"<t_db.php>":{"Conectar":{"conexion":["STATIC",4]}}},"C:\\xampp\\htdocs\\hav\\models":{"<aplicativo.entidad.php>":{"Aplicativo":{"__GET":["PUBLIC",10],"__SET":["PUBLIC",11]}},"<aplicativo_model.php>":{"AplicativoModel":{"__CONSTRUCT":["PUBLIC",8],"Listar":["PUBLIC",21],"Obtener":["PUBLIC",51],"Eliminar":["PUBLIC",76],"Actualizar":["PUBLIC",90],"Registrar":["PUBLIC",115],"Codigo":["PUBLIC",135],"Ida":["PUBLIC",163]}},"<calculadora.entidad.php>":{"Calculadora":{"__GET":["PUBLIC",20],"__SET":["PUBLIC",21]}},"<calculadora_model.php>":{"CalculadoraModel":{"__CONSTRUCT":["PUBLIC",8],"Listar":["PUBLIC",21],"Obtener":["PUBLIC",67],"Eliminar":["PUBLIC",101],"Actualizar":["PUBLIC",115],"Registrar":["PUBLIC",159]}},"<consulta_cic.entidad.php>":{"Cic":{"__GET":["PUBLIC",9],"__SET":["PUBLIC",10]}},"<consulta_cic_model.php>":{"CicModel":{"xml_post":["PUBLIC",23],"Listar":["PUBLIC",50],"Obtener":["PUBLIC",80],"Eliminar":["PUBLIC",105],"Actualizar":["PUBLIC",119],"Registrar":["PUBLIC",144],"Codigo":["PUBLIC",164],"Ida":["PUBLIC",192]}},"<estado.entidad.php>":{"Estado":{"__GET":["PUBLIC",8],"__SET":["PUBLIC",9]}},"<estado_cq.entidad.php>":{"Estado_cq":{"__GET":["PUBLIC",8],"__SET":["PUBLIC",9]}},"<estado_cq_model.php>":{"Estado_cqModel":{"__CONSTRUCT":["PUBLIC",8],"Listar":["PUBLIC",21]}},"<estado_model.php>":{"EstadoModel":{"__CONSTRUCT":["PUBLIC",8],"Listar":["PUBLIC",21]}},"<funcionalidad.entidad.php>":{"Funcionalidad":{"__GET":["PUBLIC",16],"__SET":["PUBLIC",17]}},"<funcionalidad_model.php>":{"FuncionalidadModel":{"__CONSTRUCT":["PUBLIC",6],"Listar":["PUBLIC",19],"Obtener":["PUBLIC",57]}},"<f_aplicativo.entidad.php>":{"Aplicativo":{"__GET":["PUBLIC",9],"__SET":["PUBLIC",10]}},"<f_aplicativo_model.php>":{"AplicativoModel":{"__CONSTRUCT":["PUBLIC",8],"Listar":["PUBLIC",21]}},"<f_ejecucion.entidad.php>":{"Ejecucion":{"__GET":["PUBLIC",24],"__SET":["PUBLIC",25]}},"<f_ejecucion_model.php>":{"EjecucionModel":{"__CONSTRUCT":["PUBLIC",8],"ListarAbono":["PUBLIC",22],"ListarDeposito":["PUBLIC",62],"ListarCargo":["PUBLIC",101]}},"<f_modulo.entidad.php>":{"Modulo":{"__GET":["PUBLIC",15],"__SET":["PUBLIC",16]}},"<f_modulo_model.php>":{"ModuloModel":{"__CONSTRUCT":["PUBLIC",6],"Listar":["PUBLIC",19],"Obtener":["PUBLIC",55]}},"<parametro.entidad.php>":{"Parametro":{"__GET":["PUBLIC",15],"__SET":["PUBLIC",16]}},"<parametro_model.php>":{"ParametroModel":{"__CONSTRUCT":["PUBLIC",8],"Listar":["PUBLIC",21],"Obtener":["PUBLIC",54],"Eliminar":["PUBLIC",84],"Actualizar":["PUBLIC",98],"Registrar":["PUBLIC",127]}},"<pc.entidad.php>":{"Pc":{"__GET":["PUBLIC",11],"__SET":["PUBLIC",12]}},"<pc_model.php>":{"PcModel":{"__CONSTRUCT":["PUBLIC",8],"ListarPc":["PUBLIC",21]}},"<proveedor.entidad.php>":{"Proveedor":{"__GET":["PUBLIC",8],"__SET":["PUBLIC",9]}},"<proveedor_model.php>":{"ProveedorModel":{"__CONSTRUCT":["PUBLIC",8],"Listar":["PUBLIC",21]}},"<requerimiento.entidad.php>":{"Requerimiento":{"__GET":["PUBLIC",28],"__SET":["PUBLIC",29]}},"<requerimiento_model.php>":{"RequerimientoModel":{"__CONSTRUCT":["PUBLIC",8],"Listar":["PUBLIC",20],"Mostrar":["PUBLIC",89],"Obtener":["PUBLIC",160],"Eliminar":["PUBLIC",200],"Actualizar":["PUBLIC",214],"Registrar":["PUBLIC",264]}},"<tmp_catalogo.entidad.php>":{"Catalogo":{"__GET":["PUBLIC",12],"__SET":["PUBLIC",13]}},"<tmp_catalogo_model.php>":{"CatalogoModel":{"__CONSTRUCT":["PUBLIC",8],"Listar":["PUBLIC",21]}},"<t_schedule.entidad.php>":{"Schedule":{"__GET":["PUBLIC",23],"__SET":["PUBLIC",24]}},"<t_schedule_model.php>":{"ScheduleModel":{"__CONSTRUCT":["PUBLIC",8],"Listar":["PUBLIC",21]}},"<t_SIS_TLC_TEL_OPMBCP_CP.entidad.php>":{"SIS_TLC_TEL_OPMBCP_CP":{"__GET":["PUBLIC",64],"__SET":["PUBLIC",65]}},"<t_SIS_TLC_TEL_OPMBCP_CP_model.php>":{"SIS_TLC_TEL_OPMBCP_CP_Model":{"__CONSTRUCT":["PUBLIC",8],"Listar":["PUBLIC",21]}},"<usuario.entidad.php>":{"Usuario":{"__GET":["PUBLIC",16],"__SET":["PUBLIC",17]}},"<usuario_model.php>":{"UsuarioModel":{"__CONSTRUCT":["PUBLIC",8],"Listar":["PUBLIC",21],"Obtener":["PUBLIC",55],"Eliminar":["PUBLIC",84],"Actualizar":["PUBLIC",98],"Registrar":["PUBLIC",130],"Matricula":["PUBLIC",159],"Idusuario":["PUBLIC",187],"Login":["PUBLIC",219]}},"<__aplicativo.entidad.php>":{"Aplicativo":{"__GET":["PUBLIC",8],"__SET":["PUBLIC",9]}},"<__aplicativo_model.php>":{"AplicativoModel":{"__CONSTRUCT":["PUBLIC",8],"Listar":["PUBLIC",21],"Obtener":["PUBLIC",49],"Eliminar":["PUBLIC",73],"Actualizar":["PUBLIC",87],"Registrar":["PUBLIC",108],"Codigo":["PUBLIC",126],"Ida":["PUBLIC",154]}}},"C:\\xampp\\htdocs\\hav\\pruebas":{"<aplicativo.entidad.php>":{"Aplicativo":{"__GET":["PUBLIC",10],"__SET":["PUBLIC",11]}},"<db.php>":{"Conectar":{"conexion":["STATIC",4]}},"<funcion_model.php>":{"CodigoAplicatvo":{"__CONSTRUCT":["PUBLIC",6],"porcen":["PUBLIC",18],"Codigo":["PUBLIC",23],"Porcentaje":["PUBLIC",51]}}}}